{"train_accu": 0.49166666666666664, "test_accu": 0.4666666666666667}